<?xml version="1.0" encoding="UTF-8"?>
<project-private xmlns="http://www.netbeans.org/ns/project-private/1">
    <editor-bookmarks xmlns="http://www.netbeans.org/ns/editor-bookmarks/2" lastBookmarkId="0"/>
    <open-files xmlns="http://www.netbeans.org/ns/projectui-open-files/2">
        <group>
            <file>file:/F:/oop/NidFinalProject55/NidFinalProject55/src/nidfinalproject/javaClass/Tax.java</file>
            <file>file:/F:/oop/NidFinalProject55/NidFinalProject55/src/nidfinalproject/LoginPageController.java</file>
            <file>file:/F:/oop/NidFinalProject55/NidFinalProject55/src/nidfinalproject/FinanceAndRegistrationCorrectionOfficerController.java</file>
            <file>file:/F:/oop/NidFinalProject55/NidFinalProject55/src/nidfinalproject/UpdateWrittenInformationController.java</file>
            <file>file:/F:/oop/NidFinalProject55/NidFinalProject55/src/nidfinalproject/javaClass/FinancialPolicies.java</file>
        </group>
    </open-files>
</project-private>
